[
  {
    
    "cidade": "Fortaleza",
    "estado": "CE"
  },
  {
    
    "cidade": "Florianópolis",
    "estado": "SC"
  },
  {
    
    "cidade": "Recife",
    "estado": "PE"
  },
  {
    
    "cidade": "Curitiba",
    "estado": "PR"
  },
  {
    
    "cidade": "Salvador",
    "estado": "BA"
  },
  {
    
    "cidade": "Brasília",
    "estado": "DF"
  },
  {
    
    "cidade": "Rio de Janeiro",
    "estado": "RJ"
  },
  {
    
    "cidade": "Porto Alegre",
    "estado": "RS"
  },
  {
    
    "cidade": "São Paulo",
    "estado": "SP"
  },
  {
    
    "cidade": "Belo Horizonte",
    "estado": "MG"
  },
  {
    
    "cidade": "Rio Claro",
    "estado": "SP"
  }
]